<?xml version="1.0"?>

<ruleset name="Default ruleset used by the CodeClimate Engine for Salesforce.com Apex"
	     xmlns="http://pmd.sourceforge.net/ruleset/2.0.0"
    	 xmlns:xsi="http://www.w3.org/2001/XMLSchema-instance"
    	 xsi:schemaLocation="http://pmd.sourceforge.net/ruleset/2.0.0 http://pmd.sourceforge.net/ruleset_2_0_0.xsd">

	<description>
		Default ruleset used by vscode-apex-pmd (modified from Code Climate)
	</description>


	<rule ref="rulesets/apex/apexunit.xml/ApexUnitTestClassShouldHaveAsserts" message="Apex unit tests should include at least one assertion.  This makes the tests more robust, and using assert
        with messages provide the developer a clearer idea of what the test does.">
		<priority>3</priority>

		<properties>
        	<!-- relevant for Code Climate output only -->
        	<property name="cc_categories" value="Bug Risk"/>
        	<property name="cc_remediation_points_multiplier" value="100"/>
        	<property name="cc_block_highlighting" value="false"/>
    	</properties>
	</rule>

	<rule ref="rulesets/apex/apexunit.xml/ApexUnitTestShouldNotUseSeeAllDataTrue" message="Apex unit tests should not use @isTest(seeAllData=true) because it opens up the existing database data for unexpected modification by tests.">
		<priority>3</priority>

		<properties>
        	<!-- relevant for Code Climate output only -->
        	<property name="cc_categories" value="Bug Risk"/>
        	<property name="cc_remediation_points_multiplier" value="100"/>
        	<property name="cc_block_highlighting" value="false"/>
    	</properties>
	</rule>

	<rule ref="rulesets/apex/complexity.xml/ExcessiveClassLength" message="Avoid really long classes (lines of code)">
		<priority>3</priority>

		<properties>
        	<property name="minimum" value="1000"/>

        	<!-- relevant for Code Climate output only -->
        	<property name="cc_categories" value="Complexity"/>
        	<property name="cc_remediation_points_multiplier" value="150"/>
        	<property name="cc_block_highlighting" value="false"/>
    	</properties>
	</rule>

	<rule ref="rulesets/apex/complexity.xml/ExcessiveClassLength" message="Avoid really long classes (lines of code)">
		<priority>3</priority>

		<properties>
        	<property name="minimum" value="1000"/>

        	<!-- relevant for Code Climate output only -->
        	<property name="cc_categories" value="Complexity"/>
        	<property name="cc_remediation_points_multiplier" value="150"/>
        	<property name="cc_block_highlighting" value="false"/>
    	</properties>
	</rule>

	<rule ref="rulesets/apex/complexity.xml/ExcessiveParameterList" message="Avoid long parameter lists">
		<priority>3</priority>

		<properties>
        	<property name="minimum" value="4"/>

        	<!-- relevant for Code Climate output only -->
        	<property name="cc_categories" value="Complexity"/>
        	<property name="cc_remediation_points_multiplier" value="50"/>
        	<property name="cc_block_highlighting" value="false"/>
    	</properties>
	</rule>

	<rule ref="rulesets/apex/complexity.xml/ExcessivePublicCount" message="This class has too many public methods and attributes">
		<priority>3</priority>

		<properties>
        	<property name="minimum" value="25"/>

        	<!-- relevant for Code Climate output only -->
        	<property name="cc_categories" value="Complexity"/>
        	<property name="cc_remediation_points_multiplier" value="150"/>
        	<property name="cc_block_highlighting" value="false"/>
    	</properties>
	</rule>

	<rule ref="rulesets/apex/complexity.xml/NcssConstructorCount" message="The constructor has an NCSS line count of {0}">
		<priority>3</priority>

		<properties>
        	<property name="minimum" value="20"/>

        	<!-- relevant for Code Climate output only -->
        	<property name="cc_categories" value="Complexity"/>
        	<property name="cc_remediation_points_multiplier" value="50"/>
        	<property name="cc_block_highlighting" value="false"/>
    	</properties>
	</rule>

	<rule ref="rulesets/apex/complexity.xml/NcssMethodCount" message="The method {0}() has an NCSS line count of {1}">
		<priority>3</priority>

		<properties>
        	<property name="minimum" value="60"/>

        	<!-- relevant for Code Climate output only -->
        	<property name="cc_categories" value="Complexity"/>
        	<property name="cc_remediation_points_multiplier" value="50"/>
        	<property name="cc_block_highlighting" value="false"/>
    	</properties>
	</rule>

	<rule ref="rulesets/apex/complexity.xml/NcssTypeCount" message="The type has an NCSS line count of {0}">
		<priority>3</priority>

		<properties>
        	<property name="minimum" value="700"/>

        	<!-- relevant for Code Climate output only -->
        	<property name="cc_categories" value="Complexity"/>
        	<property name="cc_remediation_points_multiplier" value="250"/>
        	<property name="cc_block_highlighting" value="false"/>
    	</properties>
	</rule>

	<rule ref="rulesets/apex/complexity.xml/StdCyclomaticComplexity" message="The {0} ''{1}'' has a Standard Cyclomatic Complexity of {2}.">
		<priority>3</priority>

		<properties>
        	<property name="reportLevel" value="10"/>

        	<!-- relevant for Code Climate output only -->
        	<property name="cc_categories" value="Complexity"/>
        	<property name="cc_remediation_points_multiplier" value="250"/>
        	<property name="cc_block_highlighting" value="false"/>
    	</properties>
	</rule>

	<rule ref="rulesets/apex/complexity.xml/TooManyFields" message="Too many fields">
		<priority>3</priority>

		<properties>
        	<property name="maxfields" value="20"/>

        	<!-- relevant for Code Climate output only -->
        	<property name="cc_categories" value="Complexity"/>
        	<property name="cc_remediation_points_multiplier" value="200"/>
        	<property name="cc_block_highlighting" value="false"/>
    	</properties>
	</rule>

	<rule ref="rulesets/apex/complexity.xml/AvoidDeeplyNestedIfStmts" message="Deeply nested if..else statements are hard to read">
		<priority>3</priority>
		<properties>
        	<property name="problemDepth" value="4"/>

        	<!-- relevant for Code Climate output only -->
        	<property name="cc_categories" value="Complexity"/>
        	<property name="cc_remediation_points_multiplier" value="200"/>
        	<property name="cc_block_highlighting" value="false"/>
    	</properties>
	</rule>


	<rule ref="rulesets/apex/performance.xml/AvoidSoqlInLoops" message="Avoid Soql queries inside loops">
		<priority>1</priority>

        <properties>
	       	<!-- relevant for Code Climate output only -->
	       	<property name="cc_categories" value="Performance"/>
	       	<property name="cc_remediation_points_multiplier" value="150"/>
        	<property name="cc_block_highlighting" value="false"/>
       	</properties>
	</rule>

	<rule ref="rulesets/apex/performance.xml/AvoidDmlStatementsInLoops" message="Avoid Soql queries inside loops">
		<priority>1</priority>

        <properties>
	       	<!-- relevant for Code Climate output only -->
	       	<property name="cc_categories" value="Performance"/>
	       	<property name="cc_remediation_points_multiplier" value="150"/>
        	<property name="cc_block_highlighting" value="false"/>
       	</properties>
	</rule>

	<rule ref="rulesets/apex/style.xml/AvoidLogicInTrigger" message="Avoid logic in triggers">
		<priority>3</priority>

        <properties>
	       	<!-- relevant for Code Climate output only -->
	       	<property name="cc_categories" value="Style"/>
	       	<property name="cc_remediation_points_multiplier" value="200"/>
        	<property name="cc_block_highlighting" value="false"/>
       	</properties>
	</rule>

	<rule ref="rulesets/apex/style.xml/AvoidGlobalModifier" message="Avoid using global modifier">
		<priority>3</priority>

		<properties>
	       	<!-- relevant for Code Climate output only -->
	       	<property name="cc_categories" value="Style"/>
	       	<property name="cc_remediation_points_multiplier" value="100"/>
        	<property name="cc_block_highlighting" value="false"/>
       	</properties>
	</rule>

	<rule ref="rulesets/apex/style.xml/ClassNamingConventions" message="Class names should begin with an uppercase character">
		<priority>3</priority>

        <properties>
	       	<!-- relevant for Code Climate output only -->
	       	<property name="cc_categories" value="Style"/>
	       	<property name="cc_remediation_points_multiplier" value="5"/>
        	<property name="cc_block_highlighting" value="false"/>
       	</properties>
	</rule>

	<rule ref="rulesets/apex/style.xml/MethodNamingConventions"
		  message="Method name does not begin with a lower case character.">
		<priority>3</priority>

        <properties>
	       	<!-- relevant for Code Climate output only -->
	       	<property name="cc_categories" value="Style"/>
	       	<property name="cc_remediation_points_multiplier" value="1"/>
        	<property name="cc_block_highlighting" value="false"/>
       	</properties>
	</rule>

	<rule ref="rulesets/apex/style.xml/MethodWithSameNameAsEnclosingClass" message="Classes should not have non-constructor methods with the same name as the class">
		<priority>3</priority>

        <properties>
	       	<!-- relevant for Code Climate output only -->
	       	<property name="cc_categories" value="Style"/>
	       	<property name="cc_remediation_points_multiplier" value="50"/>
        	<property name="cc_block_highlighting" value="false"/>
       	</properties>
	</rule>

	<rule ref="rulesets/apex/style.xml/VariableNamingConventions" message="{0} variable {1} should begin with {2}">
		<priority>3</priority>

        <properties>
	       	<!-- relevant for Code Climate output only -->
	       	<property name="cc_categories" value="Style"/>
	       	<property name="cc_remediation_points_multiplier" value="5"/>
        	<property name="cc_block_highlighting" value="false"/>
       	</properties>
	</rule>

</ruleset>